Medicine_Name,Season,Week_1_Predicted,Week_2_Predicted,Week_3_Predicted,Week_4_Predicted,Week_5_Predicted,Week_6_Predicted,Week_7_Predicted,Week_8_Predicted,Week_9_Predicted,Week_10_Predicted,Week_11_Predicted,Week_12_Predicted,Week_13_Predicted,Week_14_Predicted,Week_15_Predicted,Week_16_Predicted
Paracetamol,Summer,198.88617003709075,196.37965869903567,206.9725547134876,200.6209585890174,202.10044983029366,200.5246524512768,199.43481373786926,187.98970100283623,192.03671525418758,205.8476820290089,198.17538972198963,203.41742625832558,201.3194232583046,208.85837972164154,213.36884102225304,198.58511239290237
Paracetamol,Monsoon,475.90392494201654,476.6965026855469,476.9270910024643,460.40471893548965,477.76617646217346,487.0850594043732,478.88038516044617,470.3522129058838,494.4389017820358,491.62892585992813,487.17451167106634,494.4371259212494,471.0706249475479,483.8668015003205,503.512033700943,494.32112717628485
Paracetamol,Winter,688.1764628887177,698.2506866455078,686.8243135809898,676.2040160298346,686.7297194004059,708.5836234092712,694.4854850769043,676.9897112846375,719.7571802139282,710.3066398501395,703.5327373743057,709.3932319879532,674.8416450023651,690.1098410487175,722.2373089790344,715.726643562317
